{
  "id": "bismuth-2077-weapons",
  "title": "Bismuth 2077 Weapons",
  "version": "1.0.0",
  "compatibility": {
    "minimum": "11",
    "verified": "12"
  },
  "description": "A compendium with item entries for every weapon released in the 2077 Weapons DLC on the Bismuth Living Community Server. Last updated 10/24/2025.",
  "manifest": https://github.com/fracksu/Bismuth-2077-Weapons/releases/latest/download/module.json
  "download": "https://github.com/fracksu/Bismuth-2077-Weapons/releases/latest/download/bismuth-2077-weapons.zip",
  "authors": [
    {
      "name": "fracks",
      "discord": "fracks",
      "flags": {}
    }
  ],
  "packs": [
    {
      "name": "2077-weapons",
      "label": "Bismuth 2077 Weapons",
      "path": "packs/2077-weapons",
      "type": "Item",
      "system": "cyberpunk-red-core",
      "ownership": {
        "PLAYER": "OBSERVER",
        "ASSISTANT": "OWNER"
      }
    }
  ]
}